"Programme / Group","Source Site","Host","Type","Document / Page Title","Year","URL"
"Delhi","WCD Delhi","wcd.delhi.gov.in","PAGE","11 Districts of the Department | Department of Women and Child Development","","https://wcd.delhi.gov.in/wcd/11-districts-department"
"Delhi","WCD Delhi","wcd.delhi.gov.in","PDF","357a","2026","https://wcd.delhi.gov.in/sites/default/files/WCD/generic_multiple_files/357a.pdf"
"Delhi","WCD Delhi","wcd.delhi.gov.in","PDF","6870 76","2026","https://wcd.delhi.gov.in/sites/default/files/WCD/generic_multiple_files/6870-76.pdf"
"Delhi","WCD Delhi","wcd.delhi.gov.in","PAGE","About Us | Department of Women and Child Development","","https://wcd.delhi.gov.in/wcd/about-us"
"Delhi","WCD Delhi","wcd.delhi.gov.in","PAGE","Accounts Branch | Department of Women and Child Development","2026","https://wcd.delhi.gov.in/wcd/accounts-branch"
"Delhi","WCD Delhi","wcd.delhi.gov.in","PAGE","Achievements | Department of Women and Child Development","","https://wcd.delhi.gov.in/wcd/achievements"
"Delhi","WCD Delhi","wcd.delhi.gov.in","PAGE","Acts & Rules | Department of Women and Child Development","","https://wcd.delhi.gov.in/wcd/acts-rules"
"Delhi","WCD Delhi","wcd.delhi.gov.in","PDF","adharnotificationwidowandwdmscheme2022","2022","https://wcd.delhi.gov.in/sites/default/files/WCD/generic_multiple_files/adharnotificationwidowandwdmscheme2022.pdf"
"Delhi","WCD Delhi","wcd.delhi.gov.in","PAGE","Admin Branch | Department of Women and Child Development","","https://wcd.delhi.gov.in/wcd/admin-branch"
"Delhi","WCD Delhi","wcd.delhi.gov.in","PAGE","Advertisement | Department of Women and Child Development","","https://wcd.delhi.gov.in/advertisement"
"Delhi","WCD Delhi","wcd.delhi.gov.in","PAGE","Bifurcation Notification | Department of Women and Child Development","","https://wcd.delhi.gov.in/wcd/bifurcation-notification"
"Delhi","WCD Delhi","wcd.delhi.gov.in","PAGE","Capacity Building | Department of Women and Child Development","2024","https://wcd.delhi.gov.in/wcd/capacity-building"
"Delhi","WCD Delhi","wcd.delhi.gov.in","PAGE","Child Protection and Development Unit (CPDU & SCPS ) | Department of Women and Child Development","","https://wcd.delhi.gov.in/wcd/child-protection-and-development-unit-cpdu-scps"
"Delhi","WCD Delhi","wcd.delhi.gov.in","PAGE","Citizen Charter | Department of Women and Child Development","","https://wcd.delhi.gov.in/wcd/citizen-charter"
"Delhi","WCD Delhi","wcd.delhi.gov.in","PAGE","Contact Us | Department of Women and Child Development","","https://wcd.delhi.gov.in/wcd/contact-us"
"Delhi","WCD Delhi","wcd.delhi.gov.in","PAGE","Delhi Grants Rules / Vac / Gia | Department of Women and Child Development","","https://wcd.delhi.gov.in/wcd/delhi-grants-rules-vac-gia"
"Delhi","WCD Delhi","wcd.delhi.gov.in","PAGE","Delhi Lakhpati Bitiya Scheme | Department of Women and Child Development","2026","https://wcd.delhi.gov.in/wcd/delhi-ladli-schemes-2008"
"Delhi","WCD Delhi","wcd.delhi.gov.in","PAGE","Delhi Pension Scheme to Women in Distress (Widows, Divorced, Separated, Destitute, Abandoned Women) | Department of Women and Child Development","","https://wcd.delhi.gov.in/wcd/delhi-pension-scheme-women-distress-widows-divorced-separated-destitute-abandoned-women"
"Delhi","WCD Delhi","wcd.delhi.gov.in","PDF","delhicommissionwomennotification2021","2021","https://wcd.delhi.gov.in/sites/default/files/WCD/generic_multiple_files/delhicommissionwomennotification2021.pdf"
"Delhi","WCD Delhi","wcd.delhi.gov.in","PDF","delhipensionwomendistress2013 2","","https://wcd.delhi.gov.in/sites/default/files/WCD/generic_multiple_files/delhipensionwomendistress2013_2.pdf"
"Delhi","WCD Delhi","wcd.delhi.gov.in","PAGE","DoIT Universal Content | Department of Women and Child Development","","https://wcd.delhi.gov.in/doit/tab-content/poshan-branch"
"Delhi","WCD Delhi","wcd.delhi.gov.in","PAGE","Education work for prevention of Atrocities on Women | Department of Women and Child Development","","https://wcd.delhi.gov.in/wcd/education-work-prevention-atrocities-women"
"Delhi","WCD Delhi","wcd.delhi.gov.in","PAGE","Empowerment | Department of Women and Child Development","","https://wcd.delhi.gov.in/wcd/empowerment"
"Delhi","WCD Delhi","wcd.delhi.gov.in","PAGE","Expantion/Construction of Working Women Hostle | Department of Women and Child Development","","https://wcd.delhi.gov.in/wcd/expantionconstruction-working-women-hostle"
"Delhi","WCD Delhi","wcd.delhi.gov.in","PAGE","FAQs | Department of Women and Child Development","","https://wcd.delhi.gov.in/faqs"
"Delhi","WCD Delhi","wcd.delhi.gov.in","PDF","faqwidowpensionscheme","","https://wcd.delhi.gov.in/sites/default/files/WCD/generic_multiple_files/faqwidowpensionscheme.pdf"
"Delhi","WCD Delhi","wcd.delhi.gov.in","PDF","fas amendment gazette 396 widow","2017","https://wcd.delhi.gov.in/sites/default/files/WCD/generic_multiple_files/fas_amendment_gazette_396_widow.pdf"
"Delhi","WCD Delhi","wcd.delhi.gov.in","PAGE","Gender Resource Centre Project | Department of Women and Child Development","","https://wcd.delhi.gov.in/wcd/gender-resource-centre-project"
"Delhi","WCD Delhi","wcd.delhi.gov.in","PAGE","GRANT IN AID SCHEMES | Department of Women and Child Development","","https://wcd.delhi.gov.in/wcd/grant-aid-schemes-0"
"Delhi","WCD Delhi","wcd.delhi.gov.in","PAGE","Home | Department of Women and Child Development","","https://wcd.delhi.gov.in/"
"Delhi","WCD Delhi","delhi.gov.in","PDF","i4c handbook dos and don t final","","https://delhi.gov.in/sites/default/files/2025-04/i4c_handbook_dos_and_don_t_final.pdf"
"Delhi","WCD Delhi","wcd.delhi.gov.in","PAGE","Institute Licensing Act, 1956 | Department of Women and Child Development","","https://wcd.delhi.gov.in/wcd/institute-licensing-act-1956-0"
"Delhi","WCD Delhi","wcd.delhi.gov.in","PAGE","Introduction of Voluntary Action Cell | Department of Women and Child Development","","https://wcd.delhi.gov.in/wcd/introduction-voluntary-action-cell"
"Delhi","WCD Delhi","wcd.delhi.gov.in","PAGE","Juvenile Justic Act, 2000,2009 | Department of Women and Child Development","","https://wcd.delhi.gov.in/wcd/juvenile-justic-act-20002009"
"Delhi","WCD Delhi","wcd.delhi.gov.in","PDF","listprotectionofficer2022 1","2022","https://wcd.delhi.gov.in/sites/default/files/WCD/generic_multiple_files/listprotectionofficer2022_1.pdf"
"Delhi","WCD Delhi","wcd.delhi.gov.in","PAGE","Missing Children/Women Information | Department of Women and Child Development","2026","https://wcd.delhi.gov.in/wcd/missing-childrenwomen-information"
"Delhi","WCD Delhi","wcd.delhi.gov.in","PDF","nationalawardnarishakti2022 2","2022","https://wcd.delhi.gov.in/sites/default/files/WCD/generic_multiple_files/nationalawardnarishakti2022_2.pdf"
"Delhi","WCD Delhi","wcd.delhi.gov.in","PAGE","Notifications | Department of Women and Child Development","","https://wcd.delhi.gov.in/notifications"
"Delhi","WCD Delhi","wcd.delhi.gov.in","PDF","odr2018841427","2018","https://wcd.delhi.gov.in/sites/default/files/WCD/generic_multiple_files/odr2018841427.pdf"
"Delhi","WCD Delhi","wcd.delhi.gov.in","PAGE","Orders and Circulars | Department of Women and Child Development","2026","https://wcd.delhi.gov.in/circulars-orders"
"Delhi","WCD Delhi","wcd.delhi.gov.in","PAGE","Our Services | Department of Women and Child Development","","https://wcd.delhi.gov.in/our-services"
"Delhi","WCD Delhi","wcd.delhi.gov.in","PAGE","Photo Gallery | Department of Women and Child Development","2023","https://wcd.delhi.gov.in/photo-gallery"
"Delhi","WCD Delhi","wcd.delhi.gov.in","PDF","ppdf111","","https://wcd.delhi.gov.in/sites/default/files/WCD/ppdf111.pdf"
"Delhi","WCD Delhi","wcd.delhi.gov.in","PAGE","Pradhan Mantri Matru Vandana Yojana (PMMVY) | Department of Women and Child Development","2017","https://wcd.delhi.gov.in/wcd/pradhan-mantri-matru-vandana-yojana-pmmvy"
"Delhi","WCD Delhi","wcd.delhi.gov.in","PAGE","Preventive | Department of Women and Child Development","","https://wcd.delhi.gov.in/wcd/preventive"
"Delhi","WCD Delhi","wcd.delhi.gov.in","PAGE","Print Media | Department of Women and Child Development","","https://wcd.delhi.gov.in/wcd/print-media"
"Delhi","WCD Delhi","wcd.delhi.gov.in","PAGE","Protective | Department of Women and Child Development","","https://wcd.delhi.gov.in/wcd/protective"
"Delhi","WCD Delhi","wcd.delhi.gov.in","PAGE","Recruitment and Results | Department of Women and Child Development","2025","https://wcd.delhi.gov.in/wcd/recruitment-and-results"
"Delhi","WCD Delhi","wcd.delhi.gov.in","PAGE","Recruitment Rules | Department of Women and Child Development","2025","https://wcd.delhi.gov.in/wcd/recruitment-rules"
"Delhi","WCD Delhi","wcd.delhi.gov.in","PDF","requireddocumentwidowpension 0","","https://wcd.delhi.gov.in/sites/default/files/WCD/our-services/requireddocumentwidowpension_0.pdf"
"Delhi","WCD Delhi","wcd.delhi.gov.in","PAGE","RGO Branch | Department of Women and Child Development","","https://wcd.delhi.gov.in/wcd/rgo-branch"
"Delhi","WCD Delhi","wcd.delhi.gov.in","PDF","rgo branch doc","","https://wcd.delhi.gov.in/sites/default/files/WCD/generic_multiple_files/rgo_branch_doc.pdf"
"Delhi","WCD Delhi","wcd.delhi.gov.in","PAGE","RTEG Branch | Department of Women and Child Development","","https://wcd.delhi.gov.in/wcd/rteg-branch"
"Delhi","WCD Delhi","wcd.delhi.gov.in","PAGE","RTI | Department of Women and Child Development","","https://wcd.delhi.gov.in/rti"
"Delhi","WCD Delhi","wcd.delhi.gov.in","PAGE","SAKSHAM AW Services Scheme (ICDS BRANCH) | Department of Women and Child Development","","https://wcd.delhi.gov.in/wcd/saksham-aw-services-scheme-icds-branch"
"Delhi","WCD Delhi","wcd.delhi.gov.in","PAGE","Screen Reader Access | Department of Women and Child Development","","https://wcd.delhi.gov.in/screen-reader-access"
"Delhi","WCD Delhi","wcd.delhi.gov.in","PAGE","Seniority List | Department of Women and Child Development","2024","https://wcd.delhi.gov.in/wcd/seniority-list-0"
"Delhi","WCD Delhi","wcd.delhi.gov.in","PAGE","Services | Department of Women and Child Development","","https://wcd.delhi.gov.in/wcd/services"
"Delhi","WCD Delhi","wcd.delhi.gov.in","PAGE","Settingup of Employment-cum-income generating unit | Department of Women and Child Development","","https://wcd.delhi.gov.in/wcd/settingup-employment-cum-income-generating-unit"
"Delhi","WCD Delhi","wcd.delhi.gov.in","PAGE","Sitemap | Department of Women and Child Development","","https://wcd.delhi.gov.in/sitemap"
"Delhi","WCD Delhi","wcd.delhi.gov.in","PAGE","Support Training & Employment for Women | Department of Women and Child Development","","https://wcd.delhi.gov.in/scert/support-training-employment-women"
"Delhi","WCD Delhi","wcd.delhi.gov.in","PAGE","Tenders | Department of Women and Child Development","2025","https://wcd.delhi.gov.in/tenders"
"Delhi","WCD Delhi","wcd.delhi.gov.in","PDF","tenderwcd2022","2022","https://wcd.delhi.gov.in/sites/default/files/WCD/generic_multiple_files/tenderwcd2022.pdf"
"Delhi","WCD Delhi","wcd.delhi.gov.in","PAGE","Transfer Orders | Department of Women and Child Development","2026","https://wcd.delhi.gov.in/doit/card-content/transfer-orders"
"Delhi","WCD Delhi","wcd.delhi.gov.in","PAGE","Useful Link | Department of Women and Child Development","","https://wcd.delhi.gov.in/useful-link"
"Delhi","WCD Delhi","wcd.delhi.gov.in","PDF","vac grant in aid 2021","2021","https://wcd.delhi.gov.in/sites/default/files/WCD/generic_multiple_files/vac_grant_in_aid_2021.pdf"
"Delhi","WCD Delhi","wcd.delhi.gov.in","PDF","vac guidelines2021","2021","https://wcd.delhi.gov.in/sites/default/files/WCD/generic_multiple_files/vac_guidelines2021.pdf"
"Delhi","WCD Delhi","wcd.delhi.gov.in","PAGE","Video Gallery | Department of Women and Child Development","2023","https://wcd.delhi.gov.in/video-gallery"
"Delhi","WCD Delhi","wcd.delhi.gov.in","PAGE","Vigilance Branch | Department of Women and Child Development","2026","https://wcd.delhi.gov.in/wcd/vigilance-branch"
"Delhi","WCD Delhi","wcd.delhi.gov.in","PDF","wcil act 1956 form 1","","https://wcd.delhi.gov.in/sites/default/files/WCD/generic_multiple_files/wcil_act_1956_form_1.pdf"
"Delhi","WCD Delhi","wcd.delhi.gov.in","PAGE","What's New | Department of Women and Child Development","","https://wcd.delhi.gov.in/what-s-new"
"Delhi","WCD Delhi","wcd.delhi.gov.in","PAGE","Who is Who | Department of Women and Child Development","","https://wcd.delhi.gov.in/wcd/who-who"
"Delhi","WCD Delhi","wcd.delhi.gov.in","PAGE","Who's Who | Department of Women and Child Development","","https://wcd.delhi.gov.in/who-is-who"
"Delhi","WCD Delhi","wcd.delhi.gov.in","PAGE","Women Empowerment Cell & Gender Resource Centre | Department of Women and Child Development","","https://wcd.delhi.gov.in/wcd/women-empowerment-cell-gender-resource-centre"
"Delhi","WCD Delhi","wcd.delhi.gov.in","PAGE","Women Welfare & Empowerment (WEC BRANCH) | Department of Women and Child Development","","https://wcd.delhi.gov.in/wcd/women-welfare-empowerment-wec-branch"
"Delhi","WCD Delhi","wcd.delhi.gov.in","PDF","womeninstitutions2022","2022","https://wcd.delhi.gov.in/sites/default/files/WCD/generic_multiple_files/womeninstitutions2022.pdf"
"Mission Shakti","Mission Shakti","missionshakti.wcd.gov.in","PDF","1481749733334","2022","https://missionshakti.wcd.gov.in/public/documents/gbdocuments/1481749733334.pdf"
"Mission Shakti","Mission Shakti","missionshakti.wcd.gov.in","PDF","2441750228138","","https://missionshakti.wcd.gov.in/public/documents/gbdocuments/2441750228138.pdf"
"Mission Shakti","Mission Shakti","missionshakti.wcd.gov.in","PDF","2981749798394","2022","https://missionshakti.wcd.gov.in/public/documents/gbdocuments/2981749798394.pdf"
"Mission Shakti","Mission Shakti","missionshakti.wcd.gov.in","PDF","3121750227532","","https://missionshakti.wcd.gov.in/public/documents/gbdocuments/3121750227532.pdf"
"Mission Shakti","Mission Shakti","missionshakti.wcd.gov.in","PDF","4751765886133","","https://missionshakti.wcd.gov.in/public/documents/gbdocuments/4751765886133.pdf"
"Mission Shakti","Mission Shakti","missionshakti.wcd.gov.in","PDF","5571750228020","2023","https://missionshakti.wcd.gov.in/public/documents/gbdocuments/5571750228020.pdf"
"Mission Shakti","Mission Shakti","missionshakti.wcd.gov.in","PDF","6181749733352","","https://missionshakti.wcd.gov.in/public/documents/gbdocuments/6181749733352.pdf"
"Mission Shakti","Mission Shakti","missionshakti.wcd.gov.in","PDF","7111767254793","2025","https://missionshakti.wcd.gov.in/public/documents/whatsnew/7111767254793.pdf"
"Mission Shakti","Mission Shakti","missionshakti.wcd.gov.in","PDF","874a0f9b 291f 4272 b22d 4126fb52f48f","","https://missionshakti.wcd.gov.in/public/documents/whatsnew/874a0f9b-291f-4272-b22d-4126fb52f48f.pdf"
"Mission Shakti","Mission Shakti","missionshakti.wcd.gov.in","PDF","8961766466867","2015","https://missionshakti.wcd.gov.in/public/documents/gbdocuments/8961766466867.pdf"
"Mission Shakti","Mission Shakti","missionshakti.wcd.gov.in","PAGE","About | Mission Shakti | MINISTRY OF WOMEN & CHILD DEVELOPMENT | GOI","","https://missionshakti.wcd.gov.in/about"
"Mission Shakti","Mission Shakti","missionshakti.wcd.gov.in","PAGE","About | Mission Shakti | MINISTRY OF WOMEN & CHILD DEVELOPMENT | GOI","","https://missionshakti.wcd.gov.in/gender-budgeting/about"
"Mission Shakti","Mission Shakti","missionshakti.wcd.gov.in","PDF","Approved AWCC Sop","2023","https://missionshakti.wcd.gov.in/public/documents/whatsnew/Approved_AWCC_Sop.pdf"
"Mission Shakti","Mission Shakti","missionshakti.wcd.gov.in","PAGE","Archive (OMs and Letters) | Mission Shakti | MINISTRY OF WOMEN & CHILD DEVELOPMENT | GOI","","https://missionshakti.wcd.gov.in/gender-budgeting/archive"
"Mission Shakti","Mission Shakti","missionshakti.wcd.gov.in","PDF","BBBP Operational Manual","2025","https://missionshakti.wcd.gov.in/public/documents/whatsnew/BBBP_Operational_Manual.pdf"
"Mission Shakti","Mission Shakti","missionshakti.wcd.gov.in","PAGE","BBBP Public Insights | Mission Shakti | MINISTRY OF WOMEN & CHILD DEVELOPMENT | GOI","","https://missionshakti.wcd.gov.in/statisticsBBBP"
"Mission Shakti","Mission Shakti","missionshakti.wcd.gov.in","PAGE","Book Appointment for OSC | Mission Shakti | MINISTRY OF WOMEN & CHILD DEVELOPMENT | GOI","","https://missionshakti.wcd.gov.in/appointmentBooking"
"Mission Shakti","Mission Shakti","missionshakti.wcd.gov.in","PAGE","Budget Documents (State) | Mission Shakti | MINISTRY OF WOMEN & CHILD DEVELOPMENT | GOI","","https://missionshakti.wcd.gov.in/gender-budgeting/budget_documents_state"
"Mission Shakti","Mission Shakti","missionshakti.wcd.gov.in","PAGE","Budget Documents (Union) | Mission Shakti | MINISTRY OF WOMEN & CHILD DEVELOPMENT | GOI","","https://missionshakti.wcd.gov.in/gender-budgeting/budget-documents-union"
"Mission Shakti","Mission Shakti","missionshakti.wcd.gov.in","PAGE","Budget Documents | Mission Shakti | MINISTRY OF WOMEN & CHILD DEVELOPMENT | GOI","","https://missionshakti.wcd.gov.in/gender-budgeting/genderBudgeting_union_state_scheme"
"Mission Shakti","Mission Shakti","missionshakti.wcd.gov.in","PDF","cae470f1 e9f5 41ec ae10 cad57d93dad5","2026","https://missionshakti.wcd.gov.in/public/documents/whatsnew/cae470f1-e9f5-41ec-ae10-cad57d93dad5.pdf"
"Mission Shakti","Mission Shakti","missionshakti.wcd.gov.in","PDF","Charter Gender Budget Cell March 2007","","https://missionshakti.wcd.gov.in/public/new_web_design/img/gender-budgeting/pdf/Charter_Gender_Budget_Cell_March_2007.pdf"
"Mission Shakti","Mission Shakti","missionshakti.wcd.gov.in","PAGE","Contact Us | Mission Shakti | MINISTRY OF WOMEN & CHILD DEVELOPMENT | GOI","","https://missionshakti.wcd.gov.in/contact"
"Mission Shakti","Mission Shakti","missionshakti.wcd.gov.in","PAGE","Contact Us | Mission Shakti | MINISTRY OF WOMEN & CHILD DEVELOPMENT | GOI","","https://missionshakti.wcd.gov.in/gender-budgeting/contact_us"
"Mission Shakti","Mission Shakti","missionshakti.wcd.gov.in","PAGE","Customize Cookies | Mission Shakti | MINISTRY OF WOMEN & CHILD DEVELOPMENT | GOI","","https://missionshakti.wcd.gov.in/cookie-settings"
"Mission Shakti","Mission Shakti","missionshakti.wcd.gov.in","PAGE","Directory | Mission Shakti | MINISTRY OF WOMEN & CHILD DEVELOPMENT | GOI","","https://missionshakti.wcd.gov.in/directory"
"Mission Shakti","Mission Shakti","missionshakti.wcd.gov.in","PDF","FAQ English","2022","https://missionshakti.wcd.gov.in/public/new_web_design/img/gender-budgeting/pdf/FAQ-English.pdf"
"Mission Shakti","Mission Shakti","missionshakti.wcd.gov.in","PDF","FAQ Hindi","","https://missionshakti.wcd.gov.in/public/new_web_design/img/gender-budgeting/pdf/FAQ-Hindi.pdf"
"Mission Shakti","Mission Shakti","missionshakti.wcd.gov.in","PAGE","Feedback/Grievance | Mission Shakti | MINISTRY OF WOMEN & CHILD DEVELOPMENT | GOI","","https://missionshakti.wcd.gov.in/feedbackForm"
"Mission Shakti","Mission Shakti","missionshakti.wcd.gov.in","PAGE","Gallery | Mission Shakti | MINISTRY OF WOMEN & CHILD DEVELOPMENT | GOI","","https://missionshakti.wcd.gov.in/gallery"
"Mission Shakti","Mission Shakti","missionshakti.wcd.gov.in","PAGE","Gallery | Mission Shakti | MINISTRY OF WOMEN & CHILD DEVELOPMENT | GOI","","https://missionshakti.wcd.gov.in/gender-budgeting/gallery"
"Mission Shakti","Mission Shakti","missionshakti.wcd.gov.in","PAGE","Gallery | Mission Shakti | MINISTRY OF WOMEN & CHILD DEVELOPMENT | GOI","","http://missionshakti.wcd.gov.in/gender-budgeting/gallery?page=2"
"Mission Shakti","Mission Shakti","missionshakti.wcd.gov.in","PAGE","Gallery | Mission Shakti | MINISTRY OF WOMEN & CHILD DEVELOPMENT | GOI","","http://missionshakti.wcd.gov.in/gender-budgeting/gallery?page=3"
"Mission Shakti","Mission Shakti","missionshakti.wcd.gov.in","PAGE","Gallery | Mission Shakti | MINISTRY OF WOMEN & CHILD DEVELOPMENT | GOI","","http://missionshakti.wcd.gov.in/gender-budgeting/gallery?page=4"
"Mission Shakti","Mission Shakti","missionshakti.wcd.gov.in","PAGE","Gallery | Mission Shakti | MINISTRY OF WOMEN & CHILD DEVELOPMENT | GOI","","http://missionshakti.wcd.gov.in/gender-budgeting/gallery?page=1"
"Mission Shakti","Mission Shakti","missionshakti.wcd.gov.in","PDF","GB Handbook MWCD","2015","https://missionshakti.wcd.gov.in/public/new_web_design/img/gender-budgeting/pdf/GB_Handbook_MWCD.pdf"
"Mission Shakti","Mission Shakti","missionshakti.wcd.gov.in","PAGE","GB Instititional Mechanisms | Mission Shakti | MINISTRY OF WOMEN & CHILD DEVELOPMENT | GOI","","https://missionshakti.wcd.gov.in/gender-budgeting/gb-institutional-mechanisms"
"Mission Shakti","Mission Shakti","missionshakti.wcd.gov.in","PAGE","GB Scheme | Mission Shakti | MINISTRY OF WOMEN & CHILD DEVELOPMENT | GOI","","https://missionshakti.wcd.gov.in/gender-budgeting/gb_scheme"
"Mission Shakti","Mission Shakti","missionshakti.wcd.gov.in","PAGE","Gender Budgeting | Mission Shakti | MINISTRY OF WOMEN & CHILD DEVELOPMENT | GOI","","https://missionshakti.wcd.gov.in/gender-budgeting"
"Mission Shakti","Mission Shakti","missionshakti.wcd.gov.in","PAGE","Gender Budgeting Circular | Mission Shakti | MINISTRY OF WOMEN & CHILD DEVELOPMENT | GOI","","https://missionshakti.wcd.gov.in/gender-budgeting/union_budget_circular"
"Mission Shakti","Mission Shakti","missionshakti.wcd.gov.in","PAGE","Gender Budgeting Statement - State | Mission Shakti | MINISTRY OF WOMEN & CHILD DEVELOPMENT | GOI","","https://missionshakti.wcd.gov.in/gender-budgeting/budget_gb_b_statement"
"Mission Shakti","Mission Shakti","missionshakti.wcd.gov.in","PAGE","Gender Budgeting Statement | Mission Shakti | MINISTRY OF WOMEN & CHILD DEVELOPMENT | GOI","","https://missionshakti.wcd.gov.in/gender-budgeting/union_gender_budget_statement"
"Mission Shakti","Mission Shakti","missionshakti.wcd.gov.in","PDF","Gender Sensitive Checklists","","https://missionshakti.wcd.gov.in/public/new_web_design/img/gender-budgeting/pdf/Gender-Sensitive%20Checklists.pdf"
"Mission Shakti","Mission Shakti","missionshakti.wcd.gov.in","PAGE","Good Practices | Mission Shakti | MINISTRY OF WOMEN & CHILD DEVELOPMENT | GOI","","https://missionshakti.wcd.gov.in/gender-budgeting/good_practices"
"Mission Shakti","Mission Shakti","missionshakti.wcd.gov.in","PAGE","Grievance Tracking | Mission Shakti | MINISTRY OF WOMEN & CHILD DEVELOPMENT | GOI","","https://missionshakti.wcd.gov.in/feedbacktracking"
"Mission Shakti","Mission Shakti","missionshakti.wcd.gov.in","PAGE","Home | Mission Shakti | MINISTRY OF WOMEN & CHILD DEVELOPMENT | GOI","","https://missionshakti.wcd.gov.in/"
"Mission Shakti","Mission Shakti","missionshakti.wcd.gov.in","PAGE","IEC Materials (Flyers & Posters) | Mission Shakti | MINISTRY OF WOMEN & CHILD DEVELOPMENT | GOI","","https://missionshakti.wcd.gov.in/gender-budgeting/posters"
"Mission Shakti","Mission Shakti","missionshakti.wcd.gov.in","PAGE","IEC Materials (Videos) | Mission Shakti | MINISTRY OF WOMEN & CHILD DEVELOPMENT | GOI","","https://missionshakti.wcd.gov.in/gender-budgeting/video_gallery"
"Mission Shakti","Mission Shakti","missionshakti.wcd.gov.in","PAGE","Login | Mission Shakti | MINISTRY OF WOMEN & CHILD DEVELOPMENT | GOI","","https://missionshakti.wcd.gov.in/loginAs"
"Mission Shakti","Mission Shakti","missionshakti.wcd.gov.in","PDF","Mission Shakti Guidelines","2022","https://missionshakti.wcd.gov.in/public/documents/whatsnew/Mission_Shakti_Guidelines.pdf"
"Mission Shakti","Mission Shakti","missionshakti.wcd.gov.in","PAGE","Nari Adalat Public Insights | Mission Shakti | MINISTRY OF WOMEN & CHILD DEVELOPMENT | GOI","","https://missionshakti.wcd.gov.in/statisticsNariAdalat"
"Mission Shakti","Mission Shakti","missionshakti.wcd.gov.in","PAGE","National Consultation on Gender Budgeting | Mission Shakti | MINISTRY OF WOMEN & CHILD DEVELOPMENT | GOI","","https://missionshakti.wcd.gov.in/gender-budgeting/nationalconsultation"
"Mission Shakti","Mission Shakti","missionshakti.wcd.gov.in","PAGE","News & Events | Mission Shakti | MINISTRY OF WOMEN & CHILD DEVELOPMENT | GOI","","https://missionshakti.wcd.gov.in/gender-budgeting/news_events"
"Mission Shakti","Mission Shakti","missionshakti.wcd.gov.in","PAGE","Notifications | Mission Shakti | MINISTRY OF WOMEN & CHILD DEVELOPMENT | GOI","","https://missionshakti.wcd.gov.in/gender-budgeting/genderBudgeting_notifications"
"Mission Shakti","Mission Shakti","missionshakti.wcd.gov.in","PAGE","OMs and Letters | Mission Shakti | MINISTRY OF WOMEN & CHILD DEVELOPMENT | GOI","","https://missionshakti.wcd.gov.in/gender-budgeting/oms_and_letters"
"Mission Shakti","Mission Shakti","missionshakti.wcd.gov.in","PAGE","OSC Public Insights | Mission Shakti | MINISTRY OF WOMEN & CHILD DEVELOPMENT | GOI","","https://missionshakti.wcd.gov.in/statisticsOsc"
"Mission Shakti","Mission Shakti","missionshakti.wcd.gov.in","PAGE","Palna Public Insights | Mission Shakti | MINISTRY OF WOMEN & CHILD DEVELOPMENT | GOI","","https://missionshakti.wcd.gov.in/statisticsPalna"
"Mission Shakti","Mission Shakti","missionshakti.wcd.gov.in","PAGE","PMMVY Public Insights | Mission Shakti | MINISTRY OF WOMEN & CHILD DEVELOPMENT | GOI","","https://missionshakti.wcd.gov.in/statisticsPmmvy"
"Mission Shakti","Mission Shakti","missionshakti.wcd.gov.in","PAGE","Privacy Policy | Mission Shakti | MINISTRY OF WOMEN & CHILD DEVELOPMENT | GOI","","https://missionshakti.wcd.gov.in/privacypolicy"
"Mission Shakti","Mission Shakti","missionshakti.wcd.gov.in","PAGE","Resources | Mission Shakti | MINISTRY OF WOMEN & CHILD DEVELOPMENT | GOI","","https://missionshakti.wcd.gov.in/resource"
"Mission Shakti","Mission Shakti","missionshakti.wcd.gov.in","PAGE","Sakhi Niwas Pubic Insights | Mission Shakti | MINISTRY OF WOMEN & CHILD DEVELOPMENT | GOI","","https://missionshakti.wcd.gov.in/statisticsNiwas"
"Mission Shakti","Mission Shakti","missionshakti.wcd.gov.in","PAGE","SANKALP : HEW Public Insights | Mission Shakti | MINISTRY OF WOMEN & CHILD DEVELOPMENT | GOI","","https://missionshakti.wcd.gov.in/statisticsHub"
"Mission Shakti","Mission Shakti","missionshakti.wcd.gov.in","PAGE","Screen Reader Access | Mission Shakti | MINISTRY OF WOMEN & CHILD DEVELOPMENT | GOI","","https://missionshakti.wcd.gov.in/screenReaderAccess"
"Mission Shakti","Mission Shakti","missionshakti.wcd.gov.in","PAGE","Shakti Sadan Public Insights | Mission Shakti | MINISTRY OF WOMEN & CHILD DEVELOPMENT | GOI","","https://missionshakti.wcd.gov.in/statisticsSadan"
"Mission Shakti","Mission Shakti","missionshakti.wcd.gov.in","PAGE","Sitemap | Mission Shakti | MINISTRY OF WOMEN & CHILD DEVELOPMENT | GOI","","https://missionshakti.wcd.gov.in/sitemap"
"Mission Shakti","Mission Shakti","missionshakti.wcd.gov.in","PDF","SOP for Nari Adalat","","https://missionshakti.wcd.gov.in/public/documents/whatsnew/SOP_for_Nari_Adalat.pdf"
"Mission Shakti","Mission Shakti","missionshakti.wcd.gov.in","PAGE","Terms & Conditions | Mission Shakti | MINISTRY OF WOMEN & CHILD DEVELOPMENT | GOI","","https://missionshakti.wcd.gov.in/termsconditions"
"Mission Shakti","Mission Shakti","missionshakti.wcd.gov.in","PAGE","Track Proposal | Mission Shakti | MINISTRY OF WOMEN & CHILD DEVELOPMENT | GOI","","https://missionshakti.wcd.gov.in/gender-budgeting/genderBudgeting_track_proposal"
"Mission Shakti","Mission Shakti","missionshakti.wcd.gov.in","PAGE","WHL Public Insights | Mission Shakti | MINISTRY OF WOMEN & CHILD DEVELOPMENT | GOI","","https://missionshakti.wcd.gov.in/statisticsWhl"
"Mission Vatsalya","Mission Vatsalya","missionvatsalya.wcd.gov.in","PAGE","Act and Rules | Mission Vatsalya WCD Govt of India","2023","https://missionvatsalya.wcd.gov.in/children-related-law"
"Mission Vatsalya","Mission Vatsalya","missionvatsalya.wcd.gov.in","PDF","adoption of UIDAIs Information Security Policy","","https://missionvatsalya.wcd.gov.in/public/pdf/children-related-law/adoption_of_UIDAIs_Information_Security_Policy.pdf"
"Mission Vatsalya","Mission Vatsalya","missionvatsalya.wcd.gov.in","PDF","bns","2023","https://missionvatsalya.wcd.gov.in/public/pdf/bns.pdf"
"Mission Vatsalya","Mission Vatsalya","missionvatsalya.wcd.gov.in","PAGE","Citizen Register | Mission Vatsalya WCD Govt of India","","https://missionvatsalya.wcd.gov.in/citizen-register"
"Mission Vatsalya","Mission Vatsalya","missionvatsalya.wcd.gov.in","PAGE","Contact Us| Mission Vatsalya WCD Govt of India","","https://missionvatsalya.wcd.gov.in/contactus"
"Mission Vatsalya","Mission Vatsalya","missionvatsalya.wcd.gov.in","PAGE","Feedback | Mission Vatsalya WCD Govt of India","","https://missionvatsalya.wcd.gov.in/feedback"
"Mission Vatsalya","Mission Vatsalya","missionvatsalya.wcd.gov.in","PAGE","Forgot Password | Mission Vatsalya WCD Govt of India","","https://missionvatsalya.wcd.gov.in/forgot-password"
"Mission Vatsalya","Mission Vatsalya","missionvatsalya.wcd.gov.in","PAGE","Foster Care | Mission Vatsalya WCD Govt of India","","https://missionvatsalya.wcd.gov.in/foster-care"
"Mission Vatsalya","Mission Vatsalya","missionvatsalya.wcd.gov.in","PAGE","Grievance | Mission Vatsalya WCD Govt of India","","https://missionvatsalya.wcd.gov.in/grievance/adoption-process"
"Mission Vatsalya","Mission Vatsalya","missionvatsalya.wcd.gov.in","PAGE","Grievance-Status | Mission Vatsalya WCD Govt of India","","https://missionvatsalya.wcd.gov.in/grievance/status"
"Mission Vatsalya","Mission Vatsalya","missionvatsalya.wcd.gov.in","PAGE","Grievance-Status | Mission Vatsalya WCD Govt of India","","https://missionvatsalya.wcd.gov.in/vatsalyagrievance/status"
"Mission Vatsalya","Mission Vatsalya","missionvatsalya.wcd.gov.in","PAGE","Home | Mission Vatsalya WCD Govt of India","","https://missionvatsalya.wcd.gov.in/"
"Mission Vatsalya","Mission Vatsalya","missionvatsalya.wcd.gov.in","PAGE","In Country Adoption | Mission Vatsalya WCD Govt of India","","https://missionvatsalya.wcd.gov.in/adoption-under-jj-act"
"Mission Vatsalya","Mission Vatsalya","missionvatsalya.wcd.gov.in","PDF","jj model rules 2016","2016","https://missionvatsalya.wcd.gov.in/public/pdf/children-related-law/jj_model_rules_2016.pdf"
"Mission Vatsalya","Mission Vatsalya","missionvatsalya.wcd.gov.in","PDF","JJAct 2015","2015","https://missionvatsalya.wcd.gov.in/public/pdf/children-related-law/JJAct_2015.pdf"
"Mission Vatsalya","Mission Vatsalya","missionvatsalya.wcd.gov.in","PAGE","Login - Citizen Corner | Mission Vatsalya WCD Govt of India","","https://missionvatsalya.wcd.gov.in/citizen-login"
"Mission Vatsalya","Mission Vatsalya","missionvatsalya.wcd.gov.in","PDF","Model Fostercare Guidelines 2024","2024","https://missionvatsalya.wcd.gov.in/public/pdf/children-related-law/Model_Fostercare_Guidelines_2024.pdf"
"Mission Vatsalya","Mission Vatsalya","missionvatsalya.wcd.gov.in","PDF","National Plan of Action 2016","2020","https://missionvatsalya.wcd.gov.in/public/pdf/children-related-law/National%20Plan%20of%20Action%202016.pdf"
"Mission Vatsalya","Mission Vatsalya","missionvatsalya.wcd.gov.in","PAGE","Photo Gallery | Mission Vatsalya WCD Govt of India","2020","https://missionvatsalya.wcd.gov.in/gallery"
"Mission Vatsalya","Mission Vatsalya","missionvatsalya.wcd.gov.in","PDF","pmcaresguidelines","2021","https://missionvatsalya.wcd.gov.in/public/pdf/children-related-law/pmcaresguidelines.pdf"
"Mission Vatsalya","Mission Vatsalya","missionvatsalya.wcd.gov.in","PDF","POCSO Rules 2020","2020","https://missionvatsalya.wcd.gov.in/public/pdf/children-related-law/POCSO%20Rules%202020.pdf"
"Mission Vatsalya","Mission Vatsalya","missionvatsalya.wcd.gov.in","PDF","Protection of Children From Sexual Offences (Amendment) Act, 2019","2020","https://missionvatsalya.wcd.gov.in/public/pdf/children-related-law/Protection%20of%20Children%20From%20Sexual%20Offences%20(Amendment)%20Act,%202019.pdf"
"Mission Vatsalya","Mission Vatsalya","missionvatsalya.wcd.gov.in","PAGE","Relative/Step Adoption | Mission Vatsalya WCD Govt of India","","https://missionvatsalya.wcd.gov.in/relative-step-adoption"
"Mission Vatsalya","Mission Vatsalya","missionvatsalya.wcd.gov.in","PDF","scheme care support victim","2023","https://missionvatsalya.wcd.gov.in/public/pdf/children-related-law/scheme_care_support_victim.pdf"
"Mission Vatsalya","Mission Vatsalya","missionvatsalya.wcd.gov.in","PAGE","Screen Reader Access | Mission Vatsalya WCD Govt of India","","https://missionvatsalya.wcd.gov.in/screen-reader-access"
"Mission Vatsalya","Mission Vatsalya","missionvatsalya.wcd.gov.in","PAGE","Site Map| Mission Vatsalya WCD Govt of India","2024","https://missionvatsalya.wcd.gov.in/sitemap"
"Mission Vatsalya","Mission Vatsalya","missionvatsalya.wcd.gov.in","PDF","sop ch vatsalya","2022","https://missionvatsalya.wcd.gov.in/public/pdf/children-related-law/sop_ch_vatsalya.pdf"
"Mission Vatsalya","Mission Vatsalya","missionvatsalya.wcd.gov.in","PDF","sop missing child","2015","https://missionvatsalya.wcd.gov.in/public/pdf/children-related-law/sop_missing_child.pdf"
"Mission Vatsalya","Mission Vatsalya","missionvatsalya.wcd.gov.in","PAGE","Stakeholder Login|Mission Vatsalya MWCD Govt of India","","https://missionvatsalya.wcd.gov.in/login"
"Mission Vatsalya","Mission Vatsalya","missionvatsalya.wcd.gov.in","PAGE","State / District Nodal Officer For Missing Children Mission Vatsalya WCD Govt of India","","https://missionvatsalya.wcd.gov.in/state-nodal-officer"
"Mission Vatsalya","Mission Vatsalya","missionvatsalya.wcd.gov.in","PAGE","Terms & Conditions | Mission Vatsalya WCD Govt of India","","https://missionvatsalya.wcd.gov.in/terms-conditions"
"Mission Vatsalya","Mission Vatsalya","missionvatsalya.wcd.gov.in","PDF","The Commissions for Protection of Child Rights Act, 2005","2020","https://missionvatsalya.wcd.gov.in/public/pdf/children-related-law/The%20Commissions%20for%20Protection%20of%20Child%20Rights%20Act,%202005.pdf"
"Mission Vatsalya","Mission Vatsalya","missionvatsalya.wcd.gov.in","PDF","THE JUVENILE JUSTICE (CARE AND PROTECTION OF CHILDREN) AMENDMENT ACT 2021","2021","https://missionvatsalya.wcd.gov.in/public/pdf/children-related-law/THE%20JUVENILE%20JUSTICE%20(CARE%20AND%20PROTECTION%20OF%20CHILDREN)%20AMENDMENT%20ACT%202021.pdf"
"Mission Vatsalya","Mission Vatsalya","missionvatsalya.wcd.gov.in","PDF","THE PROHIBITION OF CHILD MARRIAGE ACT, 2006","2020","https://missionvatsalya.wcd.gov.in/public/pdf/children-related-law/THE%20PROHIBITION%20OF%20CHILD%20MARRIAGE%20ACT,%202006.pdf"
"Mission Vatsalya","Mission Vatsalya","missionvatsalya.wcd.gov.in","PDF","THE RIGHT OF CHILDREN TO FREE AND COMPULSORY EDUCATION ACT, 2009","2020","https://missionvatsalya.wcd.gov.in/public/pdf/children-related-law/THE%20RIGHT%20OF%20CHILDREN%20TO%20FREE%20AND%20COMPULSORY%20EDUCATION%20ACT,%202009.pdf"
"Mission Vatsalya","Mission Vatsalya","missionvatsalya.wcd.gov.in","PAGE","TrackchildPolice Stations Details Mission Vatsalya WCD Govt of India","","https://missionvatsalya.wcd.gov.in/trackchild-police-station-list"
"Mission Vatsalya","Mission Vatsalya","missionvatsalya.wcd.gov.in","PAGE","Vatsalya Grievance | Mission Vatsalya WCD Govt of India","","https://missionvatsalya.wcd.gov.in/vatsalyagrievance/vatsalya-scheme-related"
"Mission Vatsalya","Mission Vatsalya","missionvatsalya.wcd.gov.in","PDF","vatsalyaguideline","","https://missionvatsalya.wcd.gov.in/public/pdf/children-related-law/vatsalyaguideline.pdf"
"Mission Vatsalya","Mission Vatsalya","missionvatsalya.wcd.gov.in","PAGE","Video Spot | Mission Vatsalya WCD Govt of India","","https://missionvatsalya.wcd.gov.in/video-spot"
"Mission Vatsalya","Mission Vatsalya","missionvatsalya.wcd.gov.in","PAGE","Website Policies | Mission Vatsalya WCD Govt of India","","https://missionvatsalya.wcd.gov.in/website-policies"
"National (MoWCD)","MoWCD (National)","wcd.gov.in","PDF","1709101250","","https://wcd.gov.in/documents/uploaded/1709101250.pdf"
"National (MoWCD)","MoWCD (National)","wcd.gov.in","PDF","1709101314","","https://wcd.gov.in/documents/uploaded/1709101314.pdf"
"National (MoWCD)","MoWCD (National)","wcd.gov.in","PDF","1709101352","2019","https://wcd.gov.in/documents/uploaded/1709101352.pdf"
"National (MoWCD)","MoWCD (National)","wcd.gov.in","PDF","1710248151","2020","https://wcd.gov.in/documents/uploaded/1710248151.pdf"
"National (MoWCD)","MoWCD (National)","wcd.gov.in","PDF","1714735285 6mk6vREdmf","","https://wcd.gov.in/documents/uploaded/1714735285_6mk6vREdmf.pdf"
"National (MoWCD)","MoWCD (National)","wcd.gov.in","PDF","1727956379 BnC9JAlNxZ","","https://wcd.gov.in/documents/uploaded/1727956379_BnC9JAlNxZ.pdf"
"National (MoWCD)","MoWCD (National)","wcd.gov.in","PDF","1732020683","2020","https://wcd.gov.in/documents/uploaded/1732020683.pdf"
"National (MoWCD)","MoWCD (National)","wcd.gov.in","PDF","1733739240","2024","https://wcd.gov.in/documents/uploaded/1733739240.pdf"
"National (MoWCD)","MoWCD (National)","wcd.gov.in","PDF","1752657934 S1PvBsDJDS","2025","https://wcd.gov.in/documents/uploaded/1752657934_S1PvBsDJDS.pdf"
"National (MoWCD)","MoWCD (National)","wcd.gov.in","PDF","1778235788","2026","https://wcd.gov.in/documents/uploaded/press/1778235788.pdf"
"National (MoWCD)","MoWCD (National)","wcd.gov.in","PDF","1778235864","2026","https://wcd.gov.in/documents/uploaded/press/1778235864.pdf"
"National (MoWCD)","MoWCD (National)","wcd.gov.in","PDF","1779094782","","https://wcd.gov.in/documents/uploaded/press/1779094782.pdf"
"National (MoWCD)","MoWCD (National)","wcd.gov.in","PDF","1782813940 cbLa6HkSzS","","https://wcd.gov.in/images/uploaded/1782813940_cbLa6HkSzS.pdf"
"National (MoWCD)","MoWCD (National)","wcd.gov.in","PDF","1784184350","2026","https://wcd.gov.in/documents/uploaded/1784184350.pdf"
"National (MoWCD)","MoWCD (National)","wcd.gov.in","PDF","1784890927","","https://wcd.gov.in/documents/uploaded/1784890927.pdf"
"National (MoWCD)","MoWCD (National)","wcd.gov.in","PDF","1785479859 YYmycvpRV3","","https://wcd.gov.in/images/uploaded/1785479859_YYmycvpRV3.pdf"
"National (MoWCD)","MoWCD (National)","wcd.gov.in","PDF","1786431855 ZzWgLirywO","2026","https://wcd.gov.in/images/uploaded/1786431855_ZzWgLirywO.pdf"
"National (MoWCD)","MoWCD (National)","wcd.gov.in","PAGE","About Us | Ministry of Women and Child Development","","https://wcd.gov.in/ministry/about-us"
"National (MoWCD)","MoWCD (National)","wcd.gov.in","PAGE","Annual Report | Ministry of Women and Child Development","","https://wcd.gov.in/documents/report"
"National (MoWCD)","MoWCD (National)","wcd.gov.in","PAGE","Annual Report | Ministry of Women and Child Development","","https://wcd.gov.in/documents/annual-report"
"National (MoWCD)","MoWCD (National)","wcd.gov.in","PAGE","Annual Report | Ministry of Women and Child Development","","https://wcd.gov.in/documents/annual-report-archives"
"National (MoWCD)","MoWCD (National)","wcd.gov.in","PAGE","Awards | Ministry of Women and Child Development","","https://wcd.gov.in/offerings/award"
"National (MoWCD)","MoWCD (National)","wcd.gov.in","PAGE","Budget | Ministry of Women and Child Development","","https://wcd.gov.in/documents/budget"
"National (MoWCD)","MoWCD (National)","wcd.gov.in","PAGE","Cabinet Minister | Ministry of Women and Child Development","","https://wcd.gov.in/ministry/cabinet-minister"
"National (MoWCD)","MoWCD (National)","wcd.gov.in","PAGE","Channel Of Submission | Ministry of Women and Child Development","","https://wcd.gov.in/documents/report-channel-of-submission"
"National (MoWCD)","MoWCD (National)","wcd.gov.in","PAGE","Citizen's Charter | Ministry of Women and Child Development","","https://wcd.gov.in/connect/citizens-charter"
"National (MoWCD)","MoWCD (National)","wcd.gov.in","PAGE","Contact Us | Ministry of Women and Child Development","","https://wcd.gov.in/connect/contact-us"
"National (MoWCD)","MoWCD (National)","wcd.gov.in","PAGE","Directory | Ministry of Women and Child Development","","https://wcd.gov.in/directory"
"National (MoWCD)","MoWCD (National)","wcd.gov.in","PAGE","Early Childhood Care and Education | Ministry of Women and Child Development","","https://wcd.gov.in/offerings/early-childhood-care-and-education"
"National (MoWCD)","MoWCD (National)","wcd.gov.in","PAGE","Evaluation Report | Ministry of Women and Child Development","","https://wcd.gov.in/documents/evaluation-report"
"National (MoWCD)","MoWCD (National)","wcd.gov.in","PAGE","Events | Ministry of Women and Child Development","","https://wcd.gov.in/events"
"National (MoWCD)","MoWCD (National)","wcd.gov.in","PAGE","Grievance | Ministry of Women and Child Development","","https://wcd.gov.in/connect/grievance"
"National (MoWCD)","MoWCD (National)","wcd.gov.in","PAGE","Help | Ministry of Women and Child Development","","https://wcd.gov.in/pages/help"
"National (MoWCD)","MoWCD (National)","wcd.gov.in","PAGE","Home | Government of India,Ministry of Women and Child Development","","https://wcd.gov.in/"
"National (MoWCD)","MoWCD (National)","wcd.gov.in","PAGE","Home | Ministry of Women and Child Development","","https://wcd.gov.in/documents/legislations"
"National (MoWCD)","MoWCD (National)","wcd.gov.in","PAGE","Home | Ministry of Women and Child Development","","https://wcd.gov.in/cookie-settings"
"National (MoWCD)","MoWCD (National)","wcd.gov.in","PAGE","Home | Ministry of Women and Child Development","","https://wcd.gov.in/cookie/customiz"
"National (MoWCD)","MoWCD (National)","wcd.gov.in","PAGE","Induction Material | Ministry of Women and Child Development","","https://wcd.gov.in/documents/report-induction-material"
"National (MoWCD)","MoWCD (National)","wcd.gov.in","PAGE","Induction Material | Ministry of Women and Child Development","","https://wcd.gov.in/documents/report-declaration-of-hod-and-delegation"
"National (MoWCD)","MoWCD (National)","wcd.gov.in","PAGE","International Collaboration | Ministry of Women and Child Development","","https://wcd.gov.in/offerings/international-collaboration"
"National (MoWCD)","MoWCD (National)","wcd.gov.in","PAGE","Internship | Ministry of Women and Child Development","","https://wcd.gov.in/offerings/internship"
"National (MoWCD)","MoWCD (National)","wcd.gov.in","PAGE","Minister of State | Ministry of Women and Child Development","","https://wcd.gov.in/ministry/minister-of-state"
"National (MoWCD)","MoWCD (National)","wcd.gov.in","PAGE","Miscellaneous_Report | Ministry of Women and Child Development","","https://wcd.gov.in/documents/miscellaneous-report"
"National (MoWCD)","MoWCD (National)","wcd.gov.in","PAGE","Mission Shakti | Ministry of Women and Child Development","","https://wcd.gov.in/offerings/mission-shakti-guidelines-for-implementation"
"National (MoWCD)","MoWCD (National)","wcd.gov.in","PAGE","Mission Shakti | Ministry of Women and Child Development","","https://wcd.gov.in/women/mission-shakti"
"National (MoWCD)","MoWCD (National)","wcd.gov.in","PAGE","Mission Shakti | Ministry of Women and Child Development","","https://wcd.gov.in/offerings/mission-shakti-guidelines-for-implementation-mission-shakti"
"National (MoWCD)","MoWCD (National)","wcd.gov.in","PAGE","Mission Vatsalya | Ministry of Women and Child Development","","https://wcd.gov.in/offerings/mission-vatsalya"
"National (MoWCD)","MoWCD (National)","wcd.gov.in","PAGE","Mission Vatsalya | Ministry of Women and Child Development","","https://wcd.gov.in/child/mission_vatsalya"
"National (MoWCD)","MoWCD (National)","wcd.gov.in","PAGE","Mission Vatsalya | Ministry of Women and Child Development","","https://wcd.gov.in/offerings/mission-vatsalya-scheme"
"National (MoWCD)","MoWCD (National)","wcd.gov.in","PAGE","Missions & Offerings | Ministry of Women and Child Development","","https://wcd.gov.in/offerings/mission-guidelines"
"National (MoWCD)","MoWCD (National)","wcd.gov.in","PAGE","Monthly Report | Ministry of Women and Child Development","","https://wcd.gov.in/documents/monthly-report"
"National (MoWCD)","MoWCD (National)","wcd.gov.in","PAGE","Notifications | Ministry of Women and Child Development","","https://wcd.gov.in/offerings/whatsnew"
"National (MoWCD)","MoWCD (National)","wcd.gov.in","PAGE","Orders and Notices | Ministry of Women and Child Development","","https://wcd.gov.in/documents/orders-and-notices"
"National (MoWCD)","MoWCD (National)","wcd.gov.in","PAGE","Our Organizations | Ministry of Women and Child Development","","https://wcd.gov.in/ministry/our-organizations"
"National (MoWCD)","MoWCD (National)","wcd.gov.in","PAGE","Our Performance | Ministry of Women and Child Development","","https://wcd.gov.in/ministry/our-performance"
"National (MoWCD)","MoWCD (National)","wcd.gov.in","PAGE","Our Team | Ministry of Women and Child Development","","https://wcd.gov.in/ministry/our-team"
"National (MoWCD)","MoWCD (National)","wcd.gov.in","PAGE","Parliament Questions | Ministry of Women and Child Development","","https://wcd.gov.in/connect/parliament-questions"
"National (MoWCD)","MoWCD (National)","wcd.gov.in","PAGE","Photos | Ministry of Women and Child Development","","https://wcd.gov.in/photos"
"National (MoWCD)","MoWCD (National)","wcd.gov.in","PAGE","Press | Ministry of Women and Child Development","","https://wcd.gov.in/press"
"National (MoWCD)","MoWCD (National)","wcd.gov.in","PAGE","Press Release | Ministry of Women and Child Development","","https://wcd.gov.in/documents/press-release"
"National (MoWCD)","MoWCD (National)","wcd.gov.in","PAGE","Prospective Foster/Adoptive Parents | Ministry of Women and Child Development","","https://wcd.gov.in/prospective-adoptive-parents"
"National (MoWCD)","MoWCD (National)","wcd.gov.in","PAGE","Public Consultation | Ministry of Women and Child Development","","https://wcd.gov.in/feedback"
"National (MoWCD)","MoWCD (National)","wcd.gov.in","PAGE","Publications | Ministry of Women and Child Development","","https://wcd.gov.in/documents/publications"
"National (MoWCD)","MoWCD (National)","wcd.gov.in","PAGE","RTI | Ministry of Women and Child Development","","https://wcd.gov.in/connect/rti"
"National (MoWCD)","MoWCD (National)","wcd.gov.in","PAGE","Schemes and Services | Ministry of Women and Child Development","","https://wcd.gov.in/offerings/schemes-and-services"
"National (MoWCD)","MoWCD (National)","wcd.gov.in","PAGE","Sitemap | Ministry of Women and Child Development","","https://wcd.gov.in/pages/sitemap"
"National (MoWCD)","MoWCD (National)","wcd.gov.in","PAGE","Tenders | Ministry of Women and Child Development","","https://wcd.gov.in/offerings/tenders"
"National (MoWCD)","MoWCD (National)","wcd.gov.in","PAGE","Tenders | Ministry of Women and Child Development","","https://wcd.gov.in/offerings/tenders/archive"
"National (MoWCD)","MoWCD (National)","wcd.gov.in","PAGE","VideoGalleries | Ministry of Women and Child Development","","https://wcd.gov.in/videogalleries"
"National (MoWCD)","MoWCD (National)","wcd.gov.in","PAGE","Webcast | Ministry of Women and Child Development","","https://wcd.gov.in/webcast"
"National (MoWCD)","MoWCD (National)","wcd.gov.in","PAGE","Websites Policies | Ministry of Women and Child Development","","https://wcd.gov.in/pages/privacy"
"Poshan Abhiyaan","MoWCD (National)","wcd.gov.in","PDF","1705916683","2022","https://wcd.gov.in/documents/uploaded/1705916683.pdf"
"Poshan Abhiyaan","MoWCD (National)","wcd.gov.in","PDF","1778235889","","https://wcd.gov.in/documents/uploaded/press/1778235889.pdf"
"Poshan Abhiyaan","MoWCD (National)","wcd.gov.in","PDF","1779691703 6a13f0b70b744","2026","https://wcd.gov.in/documents/uploaded/press/1779691703_6a13f0b70b744.pdf"
"Poshan Abhiyaan","MoWCD (National)","wcd.gov.in","PAGE","Mission Saksham Anganwadi & POSHAN 2.0 | Ministry of Women and Child Development","","https://wcd.gov.in/offerings/schemes-services-mission-poshan-2-0"
"Poshan Abhiyaan","MoWCD (National)","wcd.gov.in","PAGE","Mission Saksham Anganwadi and Poshan 2.0 | Ministry of Women and Child Development","","https://wcd.gov.in/pregnant-lactating-women-children/nutrition-mission-saksham-anganwadi-and-poshan-2-0"
"Poshan Abhiyaan","MoWCD (National)","wcd.gov.in","PAGE","Mission Saksham Anganwadi and Poshan 2.0 | Ministry of Women and Child Development","","https://wcd.gov.in/offerings/nutrition-mission-saksham-anganwadi-and-poshan-2-0-mission-saksham-anganwadi-poshan-2-0"
"Poshan Abhiyaan","MoWCD (National)","wcd.gov.in","PAGE","POSHAN Tracker | Ministry of Women and Child Development","","https://wcd.gov.in/offerings/poshan-tracker"
"Poshan Abhiyaan","MoWCD (National)","wcd.gov.in","PAGE","Protocol | Ministry of Women and Child Development","","https://wcd.gov.in/offerings/schemes-services-mission-poshan-2-0-portals"
"Poshan Abhiyaan","MoWCD (National)","wcd.gov.in","PAGE","WCD","2026","https://wcd.gov.in/home-dashboard"